{"0.7617116055662292":{"user_id":1},"0.7615158687999752":{"user_id":1},"0.14807108178241046":{"user_id":1}}